Version,Company,GeneratedEmail,ResponseTime_sec,TokensUsed,EstimatedCost_$
TamTam Data,ROSE Bikes,"SUBJECT: Elevating ROSE Bikes' Sustainable Growth Strategy

BODY:
Hi Team at ROSE Bikes,

I'm reaching out from Mirakl to explore how our marketplace solutions can support your mission of sustainable growth and exceptional customer service. With your focus on innovation and sustainability, we understand the importance of maintaining high-quality customer experiences as you continue to expand.

Our scalable platform can help you ensure consistent service quality across all sales channels, streamline logistics and supply chain management, enhance order accuracy, and align product offerings with evolving customer preferences.

I would love to discuss how Mirakl's technology can empower ROSE Bikes to achieve your strategic goals efficiently and effectively. Could we schedule a brief call to explore potential synergies between our solutions and your business objectives?

Looking forward to the opportunity to collaborate with you on driving sustainable growth and customer satisfaction.

Best regards,
[Your Name]
Mirakl Team",2.1881511211395264,1213,0.002426
CRM Data,ROSE Bikes,"Subject: Elevate Your Customer Experience with Mirakl

Dear John Doe,

I hope this email finds you well. Following our recent conversations and your interest in a pilot test, I wanted to highlight how Mirakl's marketplace solutions can align with ROSE Bikes' customer-centric strategy and sustainability goals.

Our advanced tools and AI-driven catalog integration can streamline operations, improve efficiency, and enhance the shopping experience for your customers. By expanding your product assortment through third-party integration and enhancing product information with AI-powered tools, ROSE Bikes can deliver exceptional service quality consistently.

Let's discuss how Mirakl can address your pain points, drive innovation, and support your sustainability initiatives. I believe we can help you achieve your objectives and create a seamless, personalized experience for your customers.

When would be a convenient time for us to further explore these opportunities? Your feedback is crucial in ensuring our partnership aligns with your expectations.

Looking forward to our next steps together.

Warm regards,

[Your Name]
Mirakl Sales Team",2.16766095161438,1323,0.002646
